,gid,UF,nome,PIB,PIB_percapita
14,4548.0,SÃO PAULO,Itapeva,1120700.0,12484.40039062
21,4293.0,SÃO PAULO,Elisiário,52295.234375,15765.8203125
51,5045.0,SÃO PAULO,Guarujá,3429098.5,11131.33984375
65,4728.0,SÃO PAULO,Pedrinhas Paulista,75881.6875,25924.73046875
80,4850.0,SÃO PAULO,São Luís do Paraitinga,82827.171875,7593.25
93,4283.0,SÃO PAULO,Divinolândia,158577.421875,13980.20019531
111,4202.0,SÃO PAULO,Araraquara,4193535.25,20898.08984375
129,5051.0,SÃO PAULO,Itapevi,3638207.25,17671.41015625
140,4217.0,SÃO PAULO,Bastos,322317.3125,15075.65039062
141,4344.0,SÃO PAULO,Três Fronteiras,49727.08984375,9631.4296875
145,4187.0,SÃO PAULO,Américo Brasiliense,578886.875,17407.50976562
156,8.0,SÃO PAULO,Sertãozinho,4155643.5,37438.5703125
168,4795.0,SÃO PAULO,Sabino,71262.4765625,13148.05957031
169,4255.0,SÃO PAULO,Caraguatatuba,1147377.5,11936.30957031
191,4837.0,SÃO PAULO,Santo Expedito,27413.52148438,9273.86035156
195,4724.0,SÃO PAULO,Paulo de Faria,121381.28125,12826.9296875
201,4845.0,SÃO PAULO,São João do Pau d'Alho,36372.3046875,16600.77929688
202,4722.0,SÃO PAULO,Paulicéia,73761.8125,12737.3203125
207,4343.0,SÃO PAULO,Tremembé,393278.46875,9555.09960938
228,4624.0,SÃO PAULO,Leme,1338844.125,15044.04003906
229,4685.0,SÃO PAULO,Nova Europa,113681.1171875,11264.48046875
234,4843.0,SÃO PAULO,São João das Duas Pontes,31190.76757812,11859.61035156
235,4798.0,SÃO PAULO,Promissão,771585.3125,20537.26953125
241,4689.0,SÃO PAULO,Novais,37936.8671875,9546.26953125
257,4823.0,SÃO PAULO,Santo Anastácio,225050.078125,10604.5703125
260,3782.0,SÃO PAULO,Guzolândia,45986.609375,9352.5703125
276,4731.0,SÃO PAULO,Pereiras,143394.953125,17755.68945312
294,4740.0,SÃO PAULO,Piraju,347479.03125,11819.8203125
320,4280.0,SÃO PAULO,Cunha,127499.703125,5371.79980469
327,1918.0,SÃO PAULO,Valinhos,3042457.0,28306.9296875
329,4308.0,SÃO PAULO,Florínia,97524.5234375,34147.23828125
339,4302.0,SÃO PAULO,Fernandópolis,978006.125,15392.21972656
340,4790.0,SÃO PAULO,Riolândia,100229.5703125,9507.63964844
370,5061.0,SÃO PAULO,Mauá,6574846.5,15749.71972656
382,5095.0,SÃO PAULO,Várzea Paulista,1421194.0,13256.04980469
386,4785.0,SÃO PAULO,Riversul,43661.6171875,6696.56982422
397,4422.0,SÃO PAULO,Alto Alegre,38369.390625,8992.12011719
407,5032.0,SÃO PAULO,Bragança Paulista,2389078.25,16375.44042969
418,5094.0,SÃO PAULO,Vargem Grande Paulista,632840.3125,14140.41992188
419,4258.0,SÃO PAULO,Cássia dos Coqueiros,39400.171875,14395.38964844
452,33.0,SÃO PAULO,Ribeirão Preto,14688064.0,26083.97070312
471,4888.0,SÃO PAULO,Timburi,29524.6484375,11587.37988281
474,4365.0,SÃO PAULO,Vitória Brasil,17446.89453125,10497.53027344
495,4765.0,SÃO PAULO,Presidente Venceslau,432351.59375,11247.73046875
498,5093.0,SÃO PAULO,Vargem,60099.21484375,8467.05957031
517,4573.0,SÃO PAULO,Itararé,550863.0625,10714.6796875
523,4235.0,SÃO PAULO,Buritizal,245243.796875,59873.96875
526,4351.0,SÃO PAULO,Ubatuba,843726.0625,10404.04003906
531,4639.0,SÃO PAULO,Macedônia,37272.37109375,10985.08007812
533,4294.0,SÃO PAULO,Emilianópolis,31979.79492188,10043.91015625
535,4965.0,SÃO PAULO,Hortolândia,4855737.5,23588.02929688
549,4656.0,SÃO PAULO,Miracatu,169384.6875,7116.70019531
565,4286.0,SÃO PAULO,Dolcinópolis,21796.19726562,9593.40039062
572,4623.0,SÃO PAULO,Lavrinhas,58571.69140625,8364.99023438
576,5086.0,SÃO PAULO,Santos,22546134.0,54054.76171875
579,4543.0,SÃO PAULO,Itaí,343309.71875,14249.36035156
585,3788.0,SÃO PAULO,Ibaté,349127.375,11749.58984375
595,4711.0,SÃO PAULO,Panorama,123048.6171875,8441.29003906
596,689.0,SÃO PAULO,Águas de Santa Bárbara,101069.890625,18009.59960938
601,4215.0,SÃO PAULO,Barra do Chapéu,33205.44921875,6197.35986328
631,5055.0,SÃO PAULO,Jandira,1409889.375,12573.70019531
641,4848.0,SÃO PAULO,São José do Barreiro,31528.9453125,7022.04003906
642,5082.0,SÃO PAULO,Rio Grande da Serra,421630.78125,10134.87011719
647,4424.0,SÃO PAULO,Areiópolis,88476.9921875,7930.18017578
671,4647.0,SÃO PAULO,Marinópolis,26659.51367188,12353.80957031
682,4661.0,SÃO PAULO,Mococa,1053969.625,15337.61035156
703,4233.0,SÃO PAULO,Buri,246487.109375,13583.54980469
714,5057.0,SÃO PAULO,Joanópolis,133914.796875,11989.86035156
718,4762.0,SÃO PAULO,Presidente Bernardes,147201.09375,9569.70019531
728,4194.0,SÃO PAULO,Anhumas,37064.9296875,9390.66015625
734,4230.0,SÃO PAULO,Braúna,40781.84375,8086.81982422
746,4809.0,SÃO PAULO,Santa Cruz da Esperança,31603.69140625,18236.41015625
770,4702.0,SÃO PAULO,Ouroeste,565069.375,74370.8125
787,1839.0,SÃO PAULO,Monte Mor,1123404.75,24086.2109375
808,4839.0,SÃO PAULO,São Bento do Sapucaí,91414.5625,8336.1796875
831,4626.0,SÃO PAULO,Limeira,5752286.0,20428.38085938
835,4863.0,SÃO PAULO,Socorro,400702.0625,11632.41992188
847,4788.0,SÃO PAULO,Rio Claro,4522812.5,23570.31054688
853,4226.0,SÃO PAULO,Bofete,116283.3046875,12403.54980469
855,3542.0,SÃO PAULO,PINHALZINHO,112249.3671875,8915.04980469
860,4346.0,SÃO PAULO,Tupã,926208.5,14449.87988281
865,4262.0,SÃO PAULO,Cerqueira César,242703.625,13999.16992188
873,4279.0,SÃO PAULO,Cruzeiro,1022254.625,12785.05957031
876,4803.0,SÃO PAULO,Sandovalina,224719.375,66347.6171875
877,4301.0,SÃO PAULO,Fartura,162512.703125,10856.62011719
886,4744.0,SÃO PAULO,Pirassununga,1306196.375,18276.15039062
891,4622.0,SÃO PAULO,Lavínia,98269.296875,10404.37011719
901,4725.0,SÃO PAULO,Pedra Bela,52908.13671875,8614.15039062
902,4229.0,SÃO PAULO,Botucatu,2317107.75,17776.3203125
906,5044.0,SÃO PAULO,Guararema,429408.71875,15919.36035156
908,4305.0,SÃO PAULO,Flora Rica,31833.52148438,15689.26953125
912,4825.0,SÃO PAULO,Santo Antônio de Posse,314125.59375,14784.46972656
917,4633.0,SÃO PAULO,Lucianópolis,27770.9140625,11367.54980469
923,4806.0,SÃO PAULO,Santa Bárbara d'Oeste,3115531.0,16434.47070312
948,4576.0,SÃO PAULO,Itirapina,170254.15625,11481.16015625
964,3775.0,SÃO PAULO,Guaraçaí,96547.890625,11152.58007812
970,683.0,SÃO PAULO,Luís Antônio,613366.0,51439.62109375
981,1679.0,SÃO PAULO,São Bernardo do Campo,28935768.0,35680.05078125
990,4826.0,SÃO PAULO,Santo Antônio do Aracanguá,191874.171875,26158.72070312
997,4887.0,SÃO PAULO,Tietê,785465.8125,21691.359375
1002,4189.0,SÃO PAULO,Amparo,1783702.875,27055.3203125
1003,5077.0,SÃO PAULO,Piracaia,241701.421875,10628.91015625
1017,4532.0,SÃO PAULO,Indiana,37543.671875,7902.27001953
1029,1613.0,SÃO PAULO,Santo André,14709603.0,21843.91015625
1049,4270.0,SÃO PAULO,Conchas,207561.140625,12754.16015625
1052,4801.0,SÃO PAULO,Salto,2186612.0,19887.68945312
1057,4796.0,SÃO PAULO,Sagres,24909.50976562,10654.20019531
1062,4649.0,SÃO PAULO,Matão,5187325.0,66315.421875
1085,4794.0,SÃO PAULO,Rubinéia,32480.0859375,12439.70996094
1088,4307.0,SÃO PAULO,Flórida Paulista,150708.21875,10951.83984375
1092,130.0,SÃO PAULO,São José do Rio Preto,7879047.5,18776.08984375
1122,4849.0,SÃO PAULO,São José do Rio Pardo,1017558.25,19097.9609375
1123,4352.0,SÃO PAULO,Ubirajara,45077.65625,10079.98046875
1127,4241.0,SÃO PAULO,Caiuá,101315.828125,18600.30078125
1132,4523.0,SÃO PAULO,Ibitinga,711619.875,13389.40039062
1154,4786.0,SÃO PAULO,Rifaina,35500.32421875,9278.70996094
1159,4630.0,SÃO PAULO,Lourdes,24232.84960938,11925.62011719
1184,4341.0,SÃO PAULO,Torrinha,89145.484375,9608.26953125
1192,4357.0,SÃO PAULO,Urupês,157686.28125,12728.95019531
1196,2085.0,SÃO PAULO,Alumínio,1693931.125,103118.7109375
1204,4816.0,SÃO PAULO,Santa Maria da Serra,72653.828125,12272.61035156
1222,4246.0,SÃO PAULO,Campos Novos Paulista,83582.3515625,16669.7890625
1226,4696.0,SÃO PAULO,Oriente,53553.72265625,8391.37011719
1227,5125.0,SÃO PAULO,Arujá,1529719.875,18903.63085938
1242,4275.0,SÃO PAULO,Cosmópolis,804188.75,13562.04980469
1244,4874.0,SÃO PAULO,Tapiraí,69275.9609375,8669.25
1245,4966.0,SÃO PAULO,Paulínia,7779836.5,91985.25
1247,4808.0,SÃO PAULO,Santa Cruz da Conceição,56048.78125,13492.73046875
1250,4701.0,SÃO PAULO,Ourinhos,1470158.625,14062.84960938
1253,4591.0,SÃO PAULO,Junqueirópolis,218303.9375,10928.30957031
1272,4879.0,SÃO PAULO,Taquarivaí,92248.1015625,16648.27929688
1292,3774.0,SÃO PAULO,Guará,250581.265625,13072.90039062
1296,5049.0,SÃO PAULO,Itanhaém,824090.75,9435.65039062
1302,4358.0,SÃO PAULO,Valentim Gentil,152630.0625,15138.87011719
1307,4682.0,SÃO PAULO,Alambari,64996.13671875,14802.12988281
1310,4868.0,SÃO PAULO,Taciba,258140.546875,45487.3203125
1312,4295.0,SÃO PAULO,Engenheiro Coelho,219832.53125,15372.90039062
1314,4715.0,SÃO PAULO,Paranapanema,291595.78125,16426.08007812
1323,4571.0,SÃO PAULO,Itapuí,211197.859375,16847.31054688
1356,4364.0,SÃO PAULO,Vista Alegre do Alto,144300.53125,20992.22070312
1375,4271.0,SÃO PAULO,Cordeirópolis,1366099.25,65931.4296875
1387,4178.0,SÃO PAULO,Águas de São Pedro,50880.55078125,19472.08007812
1388,4666.0,SÃO PAULO,Monte Alegre do Sul,93054.9453125,12452.15039062
1399,4366.0,SÃO PAULO,Votuporanga,1138017.0,14001.37011719
1434,4709.0,SÃO PAULO,Palmeira d'Oeste,108116.234375,11139.11035156
1461,5068.0,SÃO PAULO,Pederneiras,624309.8125,14436.58007812
1469,5038.0,SÃO PAULO,Cotia,5427421.5,29813.63085938
1492,4203.0,SÃO PAULO,Araras,2407399.25,21022.5703125
1498,4878.0,SÃO PAULO,Taquarituba,253338.09375,10986.04003906
1499,4810.0,SÃO PAULO,Santa Cruz das Palmeiras,255420.546875,7605.64990234
1500,4688.0,SÃO PAULO,Nova Independência,210455.484375,76752.546875
1502,4881.0,SÃO PAULO,Tarumã,320347.21875,23931.50976562
1513,3765.0,SÃO PAULO,Gastão Vidigal,37278.69921875,9052.62011719
1516,4650.0,SÃO PAULO,Mendonça,48696.28515625,11547.61035156
1518,5066.0,SÃO PAULO,Pedro de Toledo,70778.8984375,6902.56005859
1524,4805.0,SÃO PAULO,Santa Albertina,56413.41796875,11300.75976562
1533,684.0,SÃO PAULO,Adamantina,531913.5,15451.8203125
1536,4748.0,SÃO PAULO,Platina,49894.515625,14644.70996094
1540,4528.0,SÃO PAULO,Iguape,252515.78125,8231.96972656
1554,4268.0,SÃO PAULO,Colômbia,144238.203125,22732.58007812
1557,4774.0,SÃO PAULO,Redenção da Serra,36065.66015625,8496.03027344
1561,4750.0,SÃO PAULO,Pompéia,465391.53125,23075.74023438
1569,4269.0,SÃO PAULO,Conchal,369008.0625,15070.78027344
1571,4183.0,SÃO PAULO,Álvares Machado,199326.484375,8382.45996094
1580,4812.0,SÃO PAULO,Santa Ernestina,43545.33984375,7751.04003906
1583,4827.0,SÃO PAULO,Santo Antônio do Jardim,78237.4609375,13524.19042969
1586,4638.0,SÃO PAULO,Macaubal,84924.5390625,11069.41015625
1603,4360.0,SÃO PAULO,Vargem Grande do Sul,435658.78125,11125.09960938
1604,4644.0,SÃO PAULO,Marapoama,81859.9609375,29446.02929688
1616,4883.0,SÃO PAULO,Taubaté,8324691.0,30445.859375
1617,4672.0,SÃO PAULO,Motuca,68719.6796875,14649.25976562
1618,5089.0,SÃO PAULO,São Sebastião,3043796.25,41338.51171875
1628,4698.0,SÃO PAULO,Orlândia,787616.25,20984.08007812
1634,4539.0,SÃO PAULO,Iracemápolis,520704.3125,26431.68945312
1640,4242.0,SÃO PAULO,Cajati,472912.3125,16343.38964844
1645,4799.0,SÃO PAULO,Salmourão,53295.08203125,11151.9296875
1646,4836.0,SÃO PAULO,Santo Antônio do Pinhal,56594.77734375,8206.90039062
1650,4770.0,SÃO PAULO,Queluz,78831.6953125,7040.43017578
1664,4875.0,SÃO PAULO,Tapiratiba,161548.0625,13017.5703125
1669,4697.0,SÃO PAULO,Orindiúva,94819.8359375,17539.74023438
1672,4361.0,SÃO PAULO,Vera Cruz,95465.484375,9592.58984375
1677,4734.0,SÃO PAULO,Pilar do Sul,293537.84375,10315.86035156
1691,4348.0,SÃO PAULO,Turiúba,39628.15625,19425.5703125
1693,5081.0,SÃO PAULO,Ribeirão Pires,1631338.625,14564.08984375
1700,88.0,SÃO PAULO,Guapiaçu,389872.96875,21734.47070312
1702,4211.0,SÃO PAULO,Bananal,88336.4296875,8162.66992188
1703,1840.0,SÃO PAULO,Morungaba,232642.84375,17485.36914062
1717,4180.0,SÃO PAULO,Alfredo Marcondes,38104.7421875,9396.98046875
1721,765.0,SÃO PAULO,Serra Azul,73476.2578125,7259.77978516
1725,4707.0,SÃO PAULO,Palestina,137605.546875,12119.5703125
1732,4674.0,SÃO PAULO,Nantes,86357.6171875,32440.88085938
1733,5096.0,SÃO PAULO,Campos do Jordão,546444.5625,11750.23046875
1749,4354.0,SÃO PAULO,União Paulista,35924.9140625,23603.75
1755,4538.0,SÃO PAULO,Ipuã,204742.140625,12890.65039062
1764,4276.0,SÃO PAULO,Cosmorama,86788.875,12340.24023438
1768,4660.0,SÃO PAULO,Mirassolândia,34264.3203125,7794.43017578
1779,4852.0,SÃO PAULO,São Miguel Arcanjo,371031.375,11843.0703125
1784,4225.0,SÃO PAULO,Bocaina,175754.640625,15937.12988281
1788,5003.0,SÃO PAULO,Atibaia,2625614.75,20713.76953125
1803,4434.0,SÃO PAULO,Boracéia,89564.65625,20176.76953125
1807,5080.0,SÃO PAULO,Praia Grande,2780735.25,11142.95019531
1812,15.0,SÃO PAULO,Jardinópolis,487728.96875,13016.16992188
1815,4298.0,SÃO PAULO,Estrela d'Oeste,428017.0,47336.5390625
1819,4793.0,SÃO PAULO,Rubiácea,57313.17578125,21538.2109375
1828,4359.0,SÃO PAULO,Valparaíso,327024.03125,14525.36035156
1830,4179.0,SÃO PAULO,Agudos,753584.625,20824.16015625
1838,4347.0,SÃO PAULO,Tupi Paulista,151365.1875,10519.50976562
1842,4240.0,SÃO PAULO,Caiabu,32694.49609375,7914.43017578
1853,4575.0,SÃO PAULO,Itatinga,226146.0625,11849.41015625
1854,4784.0,SÃO PAULO,Ribeirão Grande,82653.4609375,11821.15039062
1860,4290.0,SÃO PAULO,Echaporã,75944.7265625,12172.58007812
1862,3789.0,SÃO PAULO,Ibirá,110655.3046875,9932.25976562
1881,1264.0,SÃO PAULO,Itupeva,1736231.125,40892.91015625
1886,4729.0,SÃO PAULO,Penápolis,890737.9375,14946.01953125
1909,4587.0,SÃO PAULO,João Ramalho,51556.1796875,11868.37011719
1938,2008.0,SÃO PAULO,Cubatão,5786553.0,44655.53125
1939,5076.0,SÃO PAULO,Peruíbe,614539.25,10653.1796875
1943,4676.0,SÃO PAULO,Natividade da Serra,45157.06640625,5884.41992188
1953,4782.0,SÃO PAULO,Ribeirão do Sul,56512.4609375,12119.33007812
1955,4687.0,SÃO PAULO,Nova Guataporanga,15150.56835938,6937.06982422
1968,1616.0,SÃO PAULO,Araçoiaba da Serra,259788.671875,9756.95019531
1985,4363.0,SÃO PAULO,Viradouro,150425.203125,8306.20019531
1988,4631.0,SÃO PAULO,Louveira,5815328.5,174891.84375
2007,5002.0,SÃO PAULO,Araçariguama,1460157.5,110550.9921875
2034,4851.0,SÃO PAULO,São Manuel,784365.25,19759.30078125
2075,5090.0,SÃO PAULO,São Vicente,2898355.75,8761.79003906
2078,4192.0,SÃO PAULO,Angatuba,370607.09375,15957.25
2083,4772.0,SÃO PAULO,Rafard,116352.234375,13911.08007812
2090,4224.0,SÃO PAULO,Boa Esperança do Sul,147362.53125,10561.34960938
2092,4244.0,SÃO PAULO,Cajuru,257855.21875,10605.65039062
2093,4968.0,SÃO PAULO,Itapira,1529548.5,21051.63085938
2096,1617.0,SÃO PAULO,Iperó,353688.0,12849.23046875
2101,4847.0,SÃO PAULO,São José da Bela Vista,121228.2890625,14240.37011719
2103,3767.0,SÃO PAULO,General Salgado,152542.734375,13951.23046875
2104,4818.0,SÃO PAULO,Santana da Ponte Pensa,19317.39648438,11953.83007812
2119,4195.0,SÃO PAULO,Aparecida,392993.75,10443.91015625
2127,4274.0,SÃO PAULO,Corumbataí,90408.453125,21848.34960938
2148,4840.0,SÃO PAULO,São Carlos,4523692.5,20519.06054688
2159,4209.0,SÃO PAULO,Avaré,1068860.0,12661.8203125
2170,4572.0,SÃO PAULO,Itapura,61968.03515625,15723.94042969
2181,4430.0,SÃO PAULO,Barão de Antonina,24476.94921875,8633.83984375
2184,4967.0,SÃO PAULO,Sumaré,6901888.0,28629.390625
2188,4304.0,SÃO PAULO,Fernão,15919.24707031,10466.29980469
2195,4733.0,SÃO PAULO,Piedade,540496.875,10917.36035156
2227,4207.0,SÃO PAULO,Aspásia,18543.80664062,10155.4296875
2232,4634.0,SÃO PAULO,Luiziânia,49629.58984375,9659.3203125
2239,4678.0,SÃO PAULO,Nhandeara,149794.8125,13907.23046875
2240,4773.0,SÃO PAULO,Rancharia,717951.9375,24630.41015625
2248,4287.0,SÃO PAULO,Dourado,99709.078125,10919.83984375
2249,4680.0,SÃO PAULO,Nova Aliança,78971.359375,15364.08007812
2252,4590.0,SÃO PAULO,Jumirim,49320.47265625,21537.3203125
2287,4713.0,SÃO PAULO,Paraibuna,156873.703125,9319.41015625
2288,4669.0,SÃO PAULO,Monte Azul Paulista,238555.140625,12084.25
2295,4267.0,SÃO PAULO,Colina,401904.125,22648.86914062
2298,4527.0,SÃO PAULO,Igarapava,544058.1875,19272.33984375
2301,4640.0,SÃO PAULO,Magda,38062.2890625,12045.03027344
2303,4231.0,SÃO PAULO,Brejo Alegre,98921.7265625,38446.0703125
2311,4667.0,SÃO PAULO,Monte Alto,884692.25,19276.43945312
2314,4621.0,SÃO PAULO,Laranjal Paulista,411011.4375,15630.19042969
2320,4214.0,SÃO PAULO,Barra Bonita,720004.875,19881.94921875
2323,4580.0,SÃO PAULO,Jaborandi,74203.8203125,11050.45996094
2325,4533.0,SÃO PAULO,Indiaporã,44271.6015625,11210.83984375
2332,4721.0,SÃO PAULO,Patrocínio Paulista,281122.375,21720.02929688
2345,4426.0,SÃO PAULO,Auriflama,177045.75,12323.94042969
2352,4289.0,SÃO PAULO,Duartina,125832.2890625,9833.71972656
2360,4860.0,SÃO PAULO,Sete Barras,111997.5,8518.21972656
2367,5059.0,SÃO PAULO,Juquitiba,222970.78125,7600.83984375
2392,4821.0,SÃO PAULO,Santa Rosa de Viterbo,425776.84375,17704.56054688
2395,5458.0,SÃO PAULO,Novo Horizonte,781307.5,21540.83007812
2408,4880.0,SÃO PAULO,Tarabai,48350.54296875,7479.97021484
2414,4653.0,SÃO PAULO,Mesópolis,37263.28515625,21088.44921875
2437,5064.0,SÃO PAULO,Nazaré Paulista,159750.53125,10487.8203125
2438,4205.0,SÃO PAULO,Areias,38425.24609375,10413.34960938
2440,4876.0,SÃO PAULO,Taquaral,39134.96484375,13159.03027344
2452,4670.0,SÃO PAULO,Monte Castelo,51065.82421875,12361.61035156
2453,4220.0,SÃO PAULO,Bernardino de Campos,125400.96875,11637.05957031
2480,4199.0,SÃO PAULO,Aramina,72294.453125,13619.91015625
2494,4272.0,SÃO PAULO,Coroados,74791.921875,14246.08007812
2495,4654.0,SÃO PAULO,Miguelópolis,271257.3125,12858.83984375
2499,4641.0,SÃO PAULO,Manduri,81982.7109375,8986.37988281
2511,4309.0,SÃO PAULO,Franca,4220313.0,12752.58007812
2512,5134.0,SÃO PAULO,São José dos Campos,22018042.0,35751.05859375
2520,1137.0,SÃO PAULO,Altinópolis,231399.84375,14877.19042969
2521,496.0,SÃO PAULO,Rincão,84087.890625,7752.89013672
2523,4675.0,SÃO PAULO,Narandiba,241628.390625,57986.171875
2568,4264.0,SÃO PAULO,Cesário Lange,180082.515625,12022.33007812
2572,1680.0,SÃO PAULO,São Caetano do Sul,8920202.0,58649.6484375
2578,497.0,SÃO PAULO,Sales Oliveira,156003.6875,19449.41015625
2585,5135.0,SÃO PAULO,São Roque,1172098.75,17309.2890625
2601,4718.0,SÃO PAULO,Pardinho,121979.5078125,22855.43945312
2608,4764.0,SÃO PAULO,Presidente Prudente,3621430.5,17433.76953125
2621,3769.0,SÃO PAULO,Glicério,50640.265625,11137.0703125
2636,87.0,SÃO PAULO,Cedral,102839.6953125,12453.33984375
2639,4759.0,SÃO PAULO,Pracinha,17830.34375,5451.04003906
2645,4737.0,SÃO PAULO,Piquerobi,37168.44140625,9830.3203125
2669,4769.0,SÃO PAULO,Queiroz,192180.890625,66845.53125
2670,4751.0,SÃO PAULO,Pongaí,42167.82421875,12013.62011719
2674,4237.0,SÃO PAULO,Cachoeira Paulista,347404.46875,10021.48046875
2684,4425.0,SÃO PAULO,Ariranha,757754.875,85371.2109375
2694,4637.0,SÃO PAULO,Macatuba,680519.0625,40174.69140625
2696,4745.0,SÃO PAULO,Piratininga,100781.7109375,8406.1796875
2708,5058.0,SÃO PAULO,Jundiaí,16585137.0,47395.71875
2721,4197.0,SÃO PAULO,Apiaí,263348.40625,10247.01953125
2723,784.0,SÃO PAULO,Serrana,702956.125,17763.08007812
2742,4820.0,SÃO PAULO,Santa Rita do Passa Quatro,355026.28125,12883.33984375
2754,4353.0,SÃO PAULO,Uchoa,132471.234375,13492.69042969
2765,4873.0,SÃO PAULO,Tanabi,296017.5625,12037.63964844
2778,4645.0,SÃO PAULO,Mariápolis,31623.21289062,8116.83984375
2792,4859.0,SÃO PAULO,Serra Negra,314408.0625,12133.69042969
2797,90.0,SÃO PAULO,Mirassol,773413.0625,14082.54003906
2798,4781.0,SÃO PAULO,Ribeirão Corrente,87870.625,20842.1796875
2819,4746.0,SÃO PAULO,Pitangueiras,438054.46875,12360.09960938
2820,5091.0,SÃO PAULO,Suzano,5559876.5,19552.51953125
2825,4263.0,SÃO PAULO,Cerquilho,3092352.25,80953.75
2827,4428.0,SÃO PAULO,Avanhandava,119166.875,9838.74023438
2838,4251.0,SÃO PAULO,Canitar,35199.875,7421.43994141
2840,4854.0,SÃO PAULO,São Sebastião da Grama,152929.140625,11772.83984375
2842,4583.0,SÃO PAULO,Jacupiranga,172416.0625,10563.41992188
2852,1733.0,SÃO PAULO,Jaguariúna,2714575.75,66036.8203125
2860,5060.0,SÃO PAULO,Mairiporã,1029388.125,13004.70996094
2862,3771.0,SÃO PAULO,Guaimbê,41937.18359375,8847.50976562
2888,4530.0,SÃO PAULO,Ilha Comprida,97179.28125,9631.25
2889,4690.0,SÃO PAULO,Nova Luzitânia,29767.0078125,7843.74023438
2892,4627.0,SÃO PAULO,Lindóia,67635.7421875,11321.6796875
2896,4822.0,SÃO PAULO,Santa Salete,24226.39257812,16754.08007812
2906,2009.0,SÃO PAULO,Diadema,9969819.0,25066.30078125
2907,3763.0,SÃO PAULO,Gália,67073.984375,10109.12011719
2910,4181.0,SÃO PAULO,Altair,96194.734375,29265.2109375
2914,5087.0,SÃO PAULO,São Lourenço da Serra,138128.15625,7540.16015625
2917,4963.0,SÃO PAULO,Registro,585710.5,10616.84960938
2921,4882.0,SÃO PAULO,Tatuí,1898242.5,17412.34960938
2947,4212.0,SÃO PAULO,Barbosa,50042.2109375,7206.54003906
2951,5056.0,SÃO PAULO,Jarinu,399077.0625,17486.50976562
2960,5042.0,SÃO PAULO,Francisco Morato,863953.375,5492.60009766
2970,4749.0,SÃO PAULO,Poloni,66943.3046875,13126.13964844
2972,4282.0,SÃO PAULO,Dirce Reis,24405.38476562,15037.20996094
2979,4872.0,SÃO PAULO,Tambaú,301012.6875,13333.90039062
2992,4586.0,SÃO PAULO,Jeriquara,75402.8671875,23446.16992188
3002,681.0,SÃO PAULO,Dumont,86997.0703125,10423.79980469
3016,4568.0,SÃO PAULO,Itapirapuã Paulista,23267.171875,5937.02001953
3067,4628.0,SÃO PAULO,Lins,1917087.25,26195.80078125
3076,4679.0,SÃO PAULO,Nipoã,48101.53515625,11723.5
3079,3772.0,SÃO PAULO,Guaíra,850159.125,21981.5703125
3086,4819.0,SÃO PAULO,Santa Rita d'Oeste,39319.76953125,15721.62011719
3087,4541.0,SÃO PAULO,Irapuru,62625.421875,7953.43994141
3093,4842.0,SÃO PAULO,São João da Boa Vista,1608504.875,19169.63085938
3100,4581.0,SÃO PAULO,Jaboticabal,1418964.875,19415.52929688
3107,4735.0,SÃO PAULO,Pindamonhangaba,4172247.75,28851.13085938
3108,4198.0,SÃO PAULO,Araçatuba,3001299.5,16472.18945312
3112,3766.0,SÃO PAULO,Gavião Peixoto,165148.078125,38913.30859375
3115,5053.0,SÃO PAULO,Itariri,94274.328125,5789.37988281
3118,1769.0,SÃO PAULO,Votorantim,1810173.375,17208.11914062
3140,5063.0,SÃO PAULO,Mongaguá,447405.15625,10148.23046875
3144,4753.0,SÃO PAULO,Pontes Gestal,84910.578125,33207.109375
3152,4577.0,SÃO PAULO,Itirapuã,58454.1640625,9902.45019531
3153,4657.0,SÃO PAULO,Mira Estrela,32981.234375,12384.99023438
3154,4658.0,SÃO PAULO,Mirandópolis,242961.578125,9078.94042969
3156,5050.0,SÃO PAULO,Itapecerica da Serra,3207249.5,19799.91015625
3158,5047.0,SÃO PAULO,Ibiúna,703188.0625,10434.29980469
3179,4257.0,SÃO PAULO,Casa Branca,566633.9375,20101.24023438
3186,4791.0,SÃO PAULO,Rosana,778538.875,41153.33984375
3198,5054.0,SÃO PAULO,Itu,4131263.25,26249.58007812
3212,4629.0,SÃO PAULO,Lorena,1190193.375,14379.53027344
3219,4726.0,SÃO PAULO,Pedranópolis,31103.59179688,10975.16015625
3220,4663.0,SÃO PAULO,Moji Mirim,2281638.5,25818.26953125
3221,4204.0,SÃO PAULO,Arealva,128288.984375,16267.94042969
3228,685.0,SÃO PAULO,Adolfo,68426.1484375,18443.7109375
3232,3781.0,SÃO PAULO,Guariba,502869.15625,14572.54003906
3246,4681.0,SÃO PAULO,Nova Campina,137261.8125,14811.88964844
3251,4578.0,SÃO PAULO,Itobi,67564.7734375,8765.54003906
3252,4779.0,SÃO PAULO,Ribeirão Bonito,120750.140625,10183.87011719
3268,4544.0,SÃO PAULO,Itajobi,203594.890625,13866.03027344
3278,5041.0,SÃO PAULO,Ferraz de Vasconcelos,1381021.625,7705.25976562
3282,4841.0,SÃO PAULO,São Francisco,26442.50976562,9137.00976562
3283,4693.0,SÃO PAULO,Ocauçu,44971.85546875,10359.79003906
3287,89.0,SÃO PAULO,Ipiguá,34386.9375,8085.33984375
3294,1917.0,SÃO PAULO,Pedreira,608301.1875,14926.90039062
3297,4757.0,SÃO PAULO,Potim,150657.84375,7289.43017578
3298,4813.0,SÃO PAULO,Santa Fé do Sul,559734.875,19174.25976562
3311,4686.0,SÃO PAULO,Nova Granada,221840.3125,11873.91015625
3324,4768.0,SÃO PAULO,Quatá,327698.0625,26134.31054688
3335,5131.0,SÃO PAULO,Caçapava,2136769.25,25085.05078125
3357,5459.0,SÃO PAULO,Guaratinguetá,2336862.5,20615.0703125
3361,1754.0,SÃO PAULO,São Pedro,348302.53125,11030.95996094
3363,4752.0,SÃO PAULO,Pontalinda,38302.2890625,9119.58984375
3371,1139.0,SÃO PAULO,Batatais,895422.4375,15854.91992188
3374,4292.0,SÃO PAULO,Elias Fausto,528139.1875,34491.8515625
3376,4815.0,SÃO PAULO,Santa Lúcia,64988.95703125,7970.18994141
3382,4584.0,SÃO PAULO,Jales,668454.875,13370.16992188
3389,4196.0,SÃO PAULO,Aparecida d'Oeste,46590.22265625,10132.71972656
3394,4200.0,SÃO PAULO,Arandu,68926.9375,11095.76953125
3401,4273.0,SÃO PAULO,Coronel Macedo,58621.4140625,10971.62988281
3421,4659.0,SÃO PAULO,Mirante do Paranapanema,122058.875,6732.04980469
3425,4574.0,SÃO PAULO,Itatiba,2928060.75,29562.33984375
3433,5065.0,SÃO PAULO,Osasco,31616452.0,43994.46875
3438,4190.0,SÃO PAULO,Analândia,70821.875,15537.9296875
3455,5079.0,SÃO PAULO,Poá,2275422.0,20229.390625
3460,4869.0,SÃO PAULO,Taguaí,120494.609375,11106.51953125
3467,682.0,SÃO PAULO,Guatapará,92286.71875,14460.46972656
3473,4250.0,SÃO PAULO,Cândido Rodrigues,48428.26171875,17483.13085938
3483,4811.0,SÃO PAULO,Santa Cruz do Rio Pardo,821050.5,18882.09960938
3491,4184.0,SÃO PAULO,Álvaro de Carvalho,36335.70703125,7290.47021484
3496,4186.0,SÃO PAULO,Americana,6126170.5,29850.41015625
3508,1767.0,SÃO PAULO,Salto de Pirapora,479193.375,12095.95996094
3510,4427.0,SÃO PAULO,Avaí,46511.03125,8996.33007812
3512,4743.0,SÃO PAULO,Pirapozinho,393270.96875,15583.73046875
3517,4776.0,SÃO PAULO,Reginópolis,64745.5625,7922.85009766
3525,4300.0,SÃO PAULO,Euclides da Cunha Paulista,61219.453125,6020.79980469
3536,4436.0,SÃO PAULO,Embaúba,35835.5,14674.65039062
3544,4708.0,SÃO PAULO,Palmares Paulista,71329.03125,6074.68994141
3546,4861.0,SÃO PAULO,Severínia,182392.53125,11612.1796875
3551,4763.0,SÃO PAULO,Presidente Epitácio,410311.84375,10034.28027344
3555,4866.0,SÃO PAULO,Tabapuã,142219.609375,11871.41992188
3559,4853.0,SÃO PAULO,São Pedro do Turvo,95514.3671875,12839.6796875
3568,4771.0,SÃO PAULO,Quintana,65366.13671875,10989.59960938
3569,4703.0,SÃO PAULO,Ouro Verde,72577.4375,8892.11035156
3600,4536.0,SÃO PAULO,Ipeúna,114837.3984375,20178.76953125
3616,4303.0,SÃO PAULO,Fernando Prestes,92881.0078125,17485.13085938
3627,4691.0,SÃO PAULO,Nova Odessa,1602155.25,32862.03125
3630,4789.0,SÃO PAULO,Rio das Pedras,929610.4375,32643.109375
3644,4529.0,SÃO PAULO,Ilhabela,303694.3125,11675.61035156
3664,4349.0,SÃO PAULO,Turmalina,27111.48828125,13846.51953125
3680,3780.0,SÃO PAULO,Guareí,132047.078125,8851.53027344
3703,4569.0,SÃO PAULO,Itápolis,656431.4375,16243.87988281
3718,5005.0,SÃO PAULO,Bertioga,665977.0625,15056.11035156
3739,5133.0,SÃO PAULO,Monteiro Lobato,36359.76953125,8465.59960938
3743,4296.0,SÃO PAULO,Espírito Santo do Pinhal,670886.1875,15875.20996094
3749,4732.0,SÃO PAULO,Piacatu,56237.203125,10277.26953125
3750,4534.0,SÃO PAULO,Inúbia Paulista,51121.6015625,13309.45019531
3753,5035.0,SÃO PAULO,Cajamar,4134485.0,64931.05078125
3770,4665.0,SÃO PAULO,Monções,143834.265625,67559.5390625
3785,4182.0,SÃO PAULO,Álvares Florence,56580.80859375,14597.73046875
3791,4284.0,SÃO PAULO,Dobrada,67685.765625,8240.29003906
3810,4727.0,SÃO PAULO,Pedregulho,243681.765625,15445.37988281
3817,4846.0,SÃO PAULO,São Joaquim da Barra,902304.875,19542.25
3828,5062.0,SÃO PAULO,Mogi das Cruzes,7712574.0,20552.1796875
3835,4213.0,SÃO PAULO,Bariri,512013.15625,15391.01953125
3842,5084.0,SÃO PAULO,Santa Isabel,748769.6875,15964.55957031
3855,4632.0,SÃO PAULO,Lucélia,206526.3125,10181.73046875
3860,4248.0,SÃO PAULO,Canas,34601.5703125,7261.60986328
3884,4802.0,SÃO PAULO,Salto Grande,112990.6875,12599.3203125
3885,1768.0,SÃO PAULO,Sorocaba,14182597.0,24272.25976562
3893,3784.0,SÃO PAULO,Holambra,504277.21875,49322.890625
3911,5007.0,SÃO PAULO,Bom Jesus dos Perdões,226661.453125,12597.20019531
3925,3776.0,SÃO PAULO,Guaraci,105016.4453125,11102.28027344
3932,4662.0,SÃO PAULO,Mogi Guaçu,2516744.75,17997.83007812
3936,4201.0,SÃO PAULO,Arapeí,26350.2578125,10205.37011719
3938,5098.0,SÃO PAULO,Santa Branca,136662.890625,9845.3203125
3947,4526.0,SÃO PAULO,Igaraçu do Tietê,158198.953125,6557.74023438
3951,5040.0,SÃO PAULO,Embu-Guaçu,525667.75,8459.8203125
3954,4260.0,SÃO PAULO,Catanduva,2204609.25,19201.91015625
3955,4699.0,SÃO PAULO,Oscar Bressane,29025.16992188,11445.25976562
3972,4778.0,SÃO PAULO,Ribeira,22336.42382812,6300.81982422
3985,4857.0,SÃO PAULO,Sebastianópolis do Sul,55175.2109375,17746.9296875
3992,4797.0,SÃO PAULO,Sales,58483.06640625,10832.20019531
4004,4758.0,SÃO PAULO,Potirendaba,220335.984375,14564.78027344
4020,4664.0,SÃO PAULO,Mombuca,32034.41796875,9229.16015625
4034,4844.0,SÃO PAULO,São João de Iracema,27870.24804688,15397.9296875
4046,4367.0,SÃO PAULO,Zacarias,40574.765625,16718.0703125
4061,4537.0,SÃO PAULO,Iporanga,26467.31445312,5526.68994141
4087,4570.0,SÃO PAULO,Itaporanga,119303.3828125,8071.95019531
4088,5092.0,SÃO PAULO,Taboão da Serra,4035662.5,17751.4296875
4093,4760.0,SÃO PAULO,Pratânia,57335.59375,12426.44042969
4094,4210.0,SÃO PAULO,Bálsamo,122756.9453125,14921.23046875
4097,2010.0,SÃO PAULO,Jambeiro,741862.5625,133668.9375
4102,4218.0,SÃO PAULO,Bauru,6795517.5,18906.41992188
4106,4736.0,SÃO PAULO,Pindorama,188864.96875,12282.29980469
4107,4535.0,SÃO PAULO,Ipaussu,196485.703125,14438.98046875
4110,4232.0,SÃO PAULO,Brotas,349527.03125,15444.61035156
4113,4683.0,SÃO PAULO,Nova Canaã Paulista,29424.88671875,13547.37011719
4146,4253.0,SÃO PAULO,Capela do Alto,171665.59375,9962.01953125
4151,5048.0,SÃO PAULO,Igaratá,84243.1015625,9412.63964844
4160,4717.0,SÃO PAULO,Parapuã,158726.65625,13920.95019531
4171,5034.0,SÃO PAULO,Caieiras,1701764.0,19291.75
4175,5006.0,SÃO PAULO,Biritiba-Mirim,274942.125,9272.91992188
4187,4677.0,SÃO PAULO,Neves Paulista,109796.90625,12047.05957031
4189,4761.0,SÃO PAULO,Presidente Alves,56340.34375,12472.95996094
4194,3768.0,SÃO PAULO,Getulina,95387.296875,8703.21972656
4209,4719.0,SÃO PAULO,Pariquera-Açu,195529.34375,10335.62011719
4214,4540.0,SÃO PAULO,Irapuã,87297.953125,12510.45019531
4217,4221.0,SÃO PAULO,Bilac,81456.890625,10869.61035156
4221,4247.0,SÃO PAULO,Cananéia,101507.171875,8203.25976562
4222,4777.0,SÃO PAULO,Restinga,77990.484375,11307.88964844
4227,4208.0,SÃO PAULO,Assis,1258275.5,12746.54980469
4238,4747.0,SÃO PAULO,Planalto,67959.9921875,15797.29980469
4241,4804.0,SÃO PAULO,Santa Adélia,182430.5625,12549.40039062
4245,4642.0,SÃO PAULO,Marabá Paulista,53846.234375,8980.36035156
4246,4362.0,SÃO PAULO,Vinhedo,5796770.0,90959.6875
4257,4962.0,SÃO PAULO,Mairinque,913807.375,20931.0390625
4260,4193.0,SÃO PAULO,Anhembi,91269.3828125,15828.88964844
4263,4646.0,SÃO PAULO,Marília,3433664.75,15197.37988281
4283,4185.0,SÃO PAULO,Alvinlândia,28287.68359375,9859.76953125
4290,3778.0,SÃO PAULO,Guarantã,126651.2890625,18959.76953125
4316,4261.0,SÃO PAULO,Catiguá,92067.9375,12699.03027344
4317,4288.0,SÃO PAULO,Dracena,575597.5,12990.53027344
4325,4243.0,SÃO PAULO,Cajobi,114091.1171875,11398.84960938
4328,4783.0,SÃO PAULO,Ribeirão dos Índios,29097.18359375,12558.12988281
4332,4545.0,SÃO PAULO,Itaju,43299.421875,15954.09960938
4349,5132.0,SÃO PAULO,Jacareí,4832375.5,22705.97070312
4365,4350.0,SÃO PAULO,Ubarana,72422.71875,14917.13964844
4374,4252.0,SÃO PAULO,Capão Bonito,581425.25,12547.48046875
4386,71.0,SÃO PAULO,Bady Bassitt,192836.578125,13650.20996094
4387,4431.0,SÃO PAULO,Bebedouro,2530520.25,32597.19921875
4396,4228.0,SÃO PAULO,Borborema,201253.71875,13893.94042969
4400,4671.0,SÃO PAULO,Morro Agudo,644670.3125,24507.51953125
4410,4855.0,SÃO PAULO,Sarapuí,100062.3828125,11633.80957031
4418,4281.0,SÃO PAULO,Descalvado,626799.8125,20306.47070312
4423,4278.0,SÃO PAULO,Cruzália,56480.6953125,23973.13085938
4429,4423.0,SÃO PAULO,Arco-Íris,40812.21875,20304.58984375
4439,4297.0,SÃO PAULO,Espírito Santo do Turvo,99085.3359375,22377.0
4443,4775.0,SÃO PAULO,Regente Feijó,287317.21875,16209.71972656
4444,4234.0,SÃO PAULO,Buritama,230596.78125,14747.80957031
4459,5046.0,SÃO PAULO,Guarulhos,32473828.0,24993.65039062
4468,4433.0,SÃO PAULO,Borá,50332.71484375,60134.66015625
4481,4588.0,SÃO PAULO,José Bonifácio,741693.375,22785.58007812
4489,4817.0,SÃO PAULO,Santa Mercedes,21907.96289062,8439.12011719
4492,4787.0,SÃO PAULO,Rinópolis,90292.9296875,9620.98046875
4493,412.0,SÃO PAULO,Pradópolis,574455.5,34566.19140625
4505,4206.0,SÃO PAULO,Artur Nogueira,485116.6875,11152.36035156
4510,4824.0,SÃO PAULO,Santo Antônio da Alegria,95156.8203125,14994.76953125
4518,4254.0,SÃO PAULO,Capivari,884417.375,19089.109375
4543,4767.0,SÃO PAULO,Quadra,52995.9609375,19001.77929688
4546,4592.0,SÃO PAULO,Juquiá,145942.484375,7451.75
4547,4710.0,SÃO PAULO,Palmital,406439.09375,18207.18945312
4560,680.0,SÃO PAULO,Cravinhos,425249.71875,13784.87988281
4575,4723.0,SÃO PAULO,Paulistânia,23322.51171875,12217.13964844
4598,4620.0,SÃO PAULO,Lagoinha,48048.41796875,9787.8203125
4603,5039.0,SÃO PAULO,Embu,3698098.0,14868.40039062
4608,4216.0,SÃO PAULO,Barra do Turvo,44993.55078125,5844.08007812
4626,4871.0,SÃO PAULO,Taiúva,54916.61328125,9975.76953125
4651,4355.0,SÃO PAULO,Urânia,87492.9765625,9713.88964844
4679,4792.0,SÃO PAULO,Roseira,240654.0625,25260.2109375
4687,4867.0,SÃO PAULO,Tabatinga,163077.953125,10962.49023438
4691,4756.0,SÃO PAULO,Porto Ferreira,889695.1875,17414.26953125
4709,688.0,SÃO PAULO,Águas de Lindóia,172769.0625,10572.73046875
4748,4800.0,SÃO PAULO,Saltinho,107210.8046875,14996.62011719
4756,4684.0,SÃO PAULO,Nova Castilho,26578.25976562,23688.2890625
4760,4780.0,SÃO PAULO,Ribeirão Branco,203091.0,10914.75976562
4767,800.0,SÃO PAULO,Indaiatuba,5156607.5,28055.08007812
4773,4236.0,SÃO PAULO,Cabrália Paulista,113450.7734375,25967.22070312
4774,4546.0,SÃO PAULO,Itaóca,21155.91796875,6731.12011719
4798,3770.0,SÃO PAULO,Guaiçara,130954.9921875,11686.15039062
4809,4435.0,SÃO PAULO,Borebi,34413.14453125,14650.12988281
4826,4227.0,SÃO PAULO,Boituva,1223898.125,27254.66992188
4828,5036.0,SÃO PAULO,Campo Limpo Paulista,838058.875,11194.5703125
4842,129.0,SÃO PAULO,Onda Verde,129986.5,32456.05078125
4857,4648.0,SÃO PAULO,Martinópolis,292783.40625,11466.86035156
4858,686.0,SÃO PAULO,Aguaí,476532.65625,14844.79003906
4863,4877.0,SÃO PAULO,Taquaritinga,644853.5625,11585.16992188
4865,4585.0,SÃO PAULO,Jaú,1760822.5,12990.58984375
4868,4285.0,SÃO PAULO,Dois Córregos,363964.34375,13977.12988281
4870,3787.0,SÃO PAULO,Iaras,51714.51171875,9140.0703125
4875,4239.0,SÃO PAULO,Cafelândia,192295.0,11461.13964844
4880,4862.0,SÃO PAULO,Silveiras,46585.80078125,7975.64990234
4900,4700.0,SÃO PAULO,Osvaldo Cruz,411053.875,13065.50976562
4914,4589.0,SÃO PAULO,Júlio Mesquita,32815.91015625,7229.77001953
4919,5085.0,SÃO PAULO,Santana de Parnaíba,3233583.0,28285.11914062
4922,5078.0,SÃO PAULO,Pirapora do Bom Jesus,123798.3671875,7882.22998047
4923,4188.0,SÃO PAULO,Américo de Campos,49532.8203125,9025.66015625
4927,5037.0,SÃO PAULO,Carapicuíba,3068291.25,7813.29980469
4931,5088.0,SÃO PAULO,São Paulo,389317152.0,35271.9296875
4941,4223.0,SÃO PAULO,Birigui,1409186.625,12705.55957031
4949,5043.0,SÃO PAULO,Franco da Rocha,1564532.625,11909.71972656
4953,3783.0,SÃO PAULO,Herculândia,113647.359375,12454.50976562
4954,472.0,SÃO PAULO,São Simão,217419.265625,15173.37011719
4962,4695.0,SÃO PAULO,Olímpia,931039.375,18399.25976562
4971,4345.0,SÃO PAULO,Tuiuti,68014.0390625,10823.37011719
4984,4636.0,SÃO PAULO,Lutécia,45721.30078125,16014.46972656
4987,4245.0,SÃO PAULO,Campina do Monte Alegre,73844.609375,13281.40039062
4995,5067.0,SÃO PAULO,Ibirarema,97352.359375,13455.75
4996,4886.0,SÃO PAULO,Terra Roxa,76626.2578125,8890.38964844
5004,4643.0,SÃO PAULO,Maracaí,460151.53125,33563.19921875
5007,4369.0,SÃO PAULO,Estiva Gerbi,177056.328125,18334.50976562
5009,5097.0,SÃO PAULO,Barretos,1653910.75,14556.76953125
5032,4219.0,SÃO PAULO,Bento de Abreu,65185.91015625,21859.80078125
5037,4582.0,SÃO PAULO,Jaci,136558.5625,24578.58007812
5039,4668.0,SÃO PAULO,Monte Aprazível,439778.15625,20926.86914062
5041,4673.0,SÃO PAULO,Murutinga do Sul,43550.0,10151.51953125
5042,4865.0,SÃO PAULO,Suzanápolis,106581.4296875,28010.890625
5055,4692.0,SÃO PAULO,Nuporanga,139958.46875,19982.65039062
5056,4754.0,SÃO PAULO,Populina,59528.67578125,13996.87011719
5058,3785.0,SÃO PAULO,Iacanga,345773.4375,35529.53125
5087,1138.0,SÃO PAULO,Barrinha,267717.03125,9853.76953125
5088,4741.0,SÃO PAULO,Pirajuí,207463.359375,9348.55957031
5089,4368.0,SÃO PAULO,Chavantes,208633.546875,16443.36914062
5104,5083.0,SÃO PAULO,Salesópolis,153077.25,9542.87011719
5107,4651.0,SÃO PAULO,Meridiano,42162.82421875,10731.1796875
5115,5052.0,SÃO PAULO,Itaquaquecetuba,2861017.25,7963.79980469
5137,4299.0,SÃO PAULO,Estrela do Norte,27035.44726562,10927.83007812
5146,4720.0,SÃO PAULO,Parisi,21989.21679688,10232.29980469
5152,4356.0,SÃO PAULO,Uru,41700.69140625,29892.97070312
5160,4694.0,SÃO PAULO,Óleo,37124.59765625,13754.95019531
5167,4579.0,SÃO PAULO,Ituverava,515295.625,12604.45996094
5170,4856.0,SÃO PAULO,Sarutaiá,29042.109375,7662.83007812
5177,4870.0,SÃO PAULO,Taiaçu,61799.54296875,10142.70996094
5202,4730.0,SÃO PAULO,Pereira Barreto,684139.75,27611.890625
5225,4704.0,SÃO PAULO,Pacaembu,117579.875,8533.88964844
5234,4277.0,SÃO PAULO,Cristais Paulista,136067.734375,18298.50976562
5242,5033.0,SÃO PAULO,Cabreúva,1091386.375,25559.40039062
5243,4265.0,SÃO PAULO,Charqueada,165578.0625,10735.79003906
5246,4738.0,SÃO PAULO,Piquete,104544.6328125,7107.52978516
5253,4884.0,SÃO PAULO,Tejupá,48767.62890625,9624.55957031
5254,4864.0,SÃO PAULO,Sud Mennucci,129771.3046875,15940.45996094
5265,4838.0,SÃO PAULO,Santópolis do Aguapeí,42165.01953125,9958.66992188
5266,4742.0,SÃO PAULO,Pirangi,119322.8359375,11041.25
5273,4291.0,SÃO PAULO,Eldorado,108582.0,7481.18994141
5274,4635.0,SÃO PAULO,Lupércio,43539.8359375,9904.41992188
5279,4256.0,SÃO PAULO,Cardoso,126263.390625,10862.29980469
5287,1766.0,SÃO PAULO,Porto Feliz,773413.9375,16124.87988281
5294,4807.0,SÃO PAULO,Santa Clara d'Oeste,21998.58203125,10274.91015625
5304,4429.0,SÃO PAULO,Balbinos,23049.953125,4907.37988281
5308,4755.0,SÃO PAULO,Porangaba,73702.9296875,8238.65039062
5311,4542.0,SÃO PAULO,Itaberá,327043.71875,18504.23046875
5331,3786.0,SÃO PAULO,Iacri,69659.6015625,10126.41015625
5337,4531.0,SÃO PAULO,Ilha Solteira,1119034.5,44505.03125
5345,4625.0,SÃO PAULO,Lençóis Paulista,1865871.125,29470.11914062
5365,4432.0,SÃO PAULO,Bom Sucesso de Itararé,31981.234375,8059.79003906
5372,4525.0,SÃO PAULO,Iepê,124229.359375,15813.30957031
5386,687.0,SÃO PAULO,Águas da Prata,192788.359375,24927.38085938
5388,4342.0,SÃO PAULO,Trabiju,18223.984375,11997.36035156
5395,193.0,SÃO PAULO,Pontal,581385.875,14804.08007812
5406,1266.0,SÃO PAULO,Brodowski,215118.09375,10501.25
5407,4306.0,SÃO PAULO,Floreal,34732.48046875,12043.16015625
5409,4739.0,SÃO PAULO,Piracicaba,9601211.0,26030.61914062
5411,4266.0,SÃO PAULO,Clementina,61424.9140625,9332.25976562
5418,4238.0,SÃO PAULO,Caconde,221381.296875,11468.16015625
5419,4716.0,SÃO PAULO,Paranapuã,45142.3203125,12073.37011719
5421,3777.0,SÃO PAULO,Guarani d'Oeste,19317.53515625,9577.36035156
5428,4547.0,SÃO PAULO,Itapetininga,2164772.5,14547.41992188
5436,4964.0,SÃO PAULO,Campinas,31654720.0,29731.98046875
5445,4340.0,SÃO PAULO,Torre de Pedra,17932.00976562,5694.50976562
5453,4712.0,SÃO PAULO,Paraguaçu Paulista,723910.1875,16200.29980469
5461,3773.0,SÃO PAULO,Guapiara,175721.890625,8396.90039062
5467,5004.0,SÃO PAULO,Barueri,26908070.0,99595.703125
5484,4885.0,SÃO PAULO,Teodoro Sampaio,222923.21875,10514.25
5493,4259.0,SÃO PAULO,Castilho,641493.875,39684.12109375
5508,4191.0,SÃO PAULO,Andradina,949487.5,16777.47070312
5516,4714.0,SÃO PAULO,Paraíso,70899.6484375,12190.45019531
5525,4249.0,SÃO PAULO,Cândido Mota,442409.15625,14375.13964844
5526,4655.0,SÃO PAULO,Mineiros do Tietê,98549.375,7990.06005859
5530,4814.0,SÃO PAULO,Santa Gertrudes,368870.34375,17541.859375
5543,3762.0,SÃO PAULO,Gabriel Monteiro,69091.734375,25608.5
5550,3764.0,SÃO PAULO,Garça,613207.25,14135.70996094
5556,4524.0,SÃO PAULO,Icém,90258.3984375,13834.83007812
5563,3779.0,SÃO PAULO,Guararapes,532019.125,17949.97070312
